insert into "user" (id, name, username, roles, password) values (3, 'Catarina Gianneschi', 'Gianneschi', '["ROLE_ADMIN"]', '$2y$13$nsftqHsws6WnMKLRECQB7.T42lMiOeTbAoxodlDZg7shcSJFIAwge');
insert into "user" (id, name, username, roles, password) values (4, 'Marc Yearn', 'Yearn', '["ROLE_USER"]', '$2y$13$nsftqHsws6WnMKLRECQB7.T42lMiOeTbAoxodlDZg7shcSJFIAwge');
insert into "user" (id, name, username, roles, password) values (5, 'Lisette Copins', 'Copins', '["ROLE_USER"]', '$2y$13$nsftqHsws6WnMKLRECQB7.T42lMiOeTbAoxodlDZg7shcSJFIAwge');
insert into "user" (id, name, username, roles, password) values (6, 'Cherise Bethune', 'Bethune', '["ROLE_USER"]', '$2y$13$nsftqHsws6WnMKLRECQB7.T42lMiOeTbAoxodlDZg7shcSJFIAwge');
insert into "user" (id, name, username, roles, password) values (7, 'Antonella Sinkinson', 'Sinkinson', '["ROLE_USER"]', '$2y$13$nsftqHsws6WnMKLRECQB7.T42lMiOeTbAoxodlDZg7shcSJFIAwge');
insert into "user" (id, name, username, roles, password) values (8, 'Nicoline Burtonwood', 'Burtonwood', '["ROLE_USER"]', '$2y$13$nsftqHsws6WnMKLRECQB7.T42lMiOeTbAoxodlDZg7shcSJFIAwge');
insert into "user" (id, name, username, roles, password) values (9, 'Thaxter Oxlade', 'Oxlade', '["ROLE_USER"]', '$2y$13$nsftqHsws6WnMKLRECQB7.T42lMiOeTbAoxodlDZg7shcSJFIAwge');
insert into "user" (id, name, username, roles, password) values (10, 'Andreana Davidow', 'Davidow', '["ROLE_USER"]', '$2y$13$nsftqHsws6WnMKLRECQB7.T42lMiOeTbAoxodlDZg7shcSJFIAwge');
insert into "user" (id, name, username, roles, password) values (11, 'Minne Moine', 'Moine', '["ROLE_USER"]', '$2y$13$nsftqHsws6WnMKLRECQB7.T42lMiOeTbAoxodlDZg7shcSJFIAwge');
insert into "user" (id, name, username, roles, password) values (12, 'Aile Eppson', 'Eppson', '["ROLE_USER"]', '$2y$13$nsftqHsws6WnMKLRECQB7.T42lMiOeTbAoxodlDZg7shcSJFIAwge');
insert into "user" (id, name, username, roles, password) values (13, 'Bev Dugue', 'Dugue', '["ROLE_USER"]', '$2y$13$nsftqHsws6WnMKLRECQB7.T42lMiOeTbAoxodlDZg7shcSJFIAwge');
insert into "user" (id, name, username, roles, password) values (14, 'North Waldie', 'Waldie', '["ROLE_USER"]', '$2y$13$nsftqHsws6WnMKLRECQB7.T42lMiOeTbAoxodlDZg7shcSJFIAwge');
insert into "user" (id, name, username, roles, password) values (15, 'Cyrillus Gavey', 'Gavey', '["ROLE_USER"]', '$2y$13$nsftqHsws6WnMKLRECQB7.T42lMiOeTbAoxodlDZg7shcSJFIAwge');
insert into "user" (id, name, username, roles, password) values (16, 'Marcelle Iggulden', 'Iggulden', '["ROLE_USER"]', '$2y$13$nsftqHsws6WnMKLRECQB7.T42lMiOeTbAoxodlDZg7shcSJFIAwge');
insert into "user" (id, name, username, roles, password) values (17, 'Fabien Kubu', 'Kubu', '["ROLE_USER"]', '$2y$13$nsftqHsws6WnMKLRECQB7.T42lMiOeTbAoxodlDZg7shcSJFIAwge');
insert into "user" (id, name, username, roles, password) values (18, 'Leonid Hearle', 'Hearle', '["ROLE_USER"]', '$2y$13$nsftqHsws6WnMKLRECQB7.T42lMiOeTbAoxodlDZg7shcSJFIAwge');
insert into "user" (id, name, username, roles, password) values (19, 'Neysa Pibsworth', 'Pibsworth', '["ROLE_USER"]', '$2y$13$nsftqHsws6WnMKLRECQB7.T42lMiOeTbAoxodlDZg7shcSJFIAwge');
insert into "user" (id, name, username, roles, password) values (20, 'Peder Harlick', 'Harlick', '["ROLE_USER"]', '$2y$13$nsftqHsws6WnMKLRECQB7.T42lMiOeTbAoxodlDZg7shcSJFIAwge');
insert into "user" (id, name, username, roles, password) values (21, 'Alfredo Hammerson', 'Hammerson', '["ROLE_USER"]', '$2y$13$nsftqHsws6WnMKLRECQB7.T42lMiOeTbAoxodlDZg7shcSJFIAwge');
insert into "user" (id, name, username, roles, password) values (22, 'Titus Potes', 'Potes', '["ROLE_USER"]', '$2y$13$nsftqHsws6WnMKLRECQB7.T42lMiOeTbAoxodlDZg7shcSJFIAwge');
insert into "user" (id, name, username, roles, password) values (23, 'Fernando Suggitt', 'Suggitt', '["ROLE_USER"]', '$2y$13$nsftqHsws6WnMKLRECQB7.T42lMiOeTbAoxodlDZg7shcSJFIAwge');
insert into "user" (id, name, username, roles, password) values (24, 'Pepita Bertouloume', 'Bertouloume', '["ROLE_USER"]', '$2y$13$nsftqHsws6WnMKLRECQB7.T42lMiOeTbAoxodlDZg7shcSJFIAwge');
insert into "user" (id, name, username, roles, password) values (25, 'Corrie Sturr', 'Sturr', '["ROLE_USER"]', '$2y$13$nsftqHsws6WnMKLRECQB7.T42lMiOeTbAoxodlDZg7shcSJFIAwge');
insert into "user" (id, name, username, roles, password) values (26, 'Humberto Inder', 'Inder', '["ROLE_USER"]', '$2y$13$nsftqHsws6WnMKLRECQB7.T42lMiOeTbAoxodlDZg7shcSJFIAwge');
insert into "user" (id, name, username, roles, password) values (27, 'Demetria Fero', 'Fero', '["ROLE_USER"]', '$2y$13$nsftqHsws6WnMKLRECQB7.T42lMiOeTbAoxodlDZg7shcSJFIAwge');
insert into "user" (id, name, username, roles, password) values (28, 'Vinnie Poynser', 'Poynser', '["ROLE_USER"]', '$2y$13$nsftqHsws6WnMKLRECQB7.T42lMiOeTbAoxodlDZg7shcSJFIAwge');
insert into "user" (id, name, username, roles, password) values (29, 'Maxi Yankov', 'Yankov', '["ROLE_USER"]', '$2y$13$nsftqHsws6WnMKLRECQB7.T42lMiOeTbAoxodlDZg7shcSJFIAwge');
insert into "user" (id, name, username, roles, password) values (30, 'Judas Beecroft', 'Beecroft', '["ROLE_USER"]', '$2y$13$nsftqHsws6WnMKLRECQB7.T42lMiOeTbAoxodlDZg7shcSJFIAwge');
insert into "user" (id, name, username, roles, password) values (31, 'Shelby Bricknell', 'Bricknell', '["ROLE_USER"]', '$2y$13$nsftqHsws6WnMKLRECQB7.T42lMiOeTbAoxodlDZg7shcSJFIAwge');
insert into "user" (id, name, username, roles, password) values (32, 'Ilse Barensen', 'Barensen', '["ROLE_USER"]', '$2y$13$nsftqHsws6WnMKLRECQB7.T42lMiOeTbAoxodlDZg7shcSJFIAwge');
insert into "user" (id, name, username, roles, password) values (33, 'Irina Puddefoot', 'Puddefoot', '["ROLE_USER"]', '$2y$13$nsftqHsws6WnMKLRECQB7.T42lMiOeTbAoxodlDZg7shcSJFIAwge');
insert into "user" (id, name, username, roles, password) values (34, 'Adah O''Henecan', 'O''Henecan', '["ROLE_USER"]', '$2y$13$nsftqHsws6WnMKLRECQB7.T42lMiOeTbAoxodlDZg7shcSJFIAwge');
insert into "user" (id, name, username, roles, password) values (35, 'Fielding Chinnock', 'Chinnock', '["ROLE_USER"]', '$2y$13$nsftqHsws6WnMKLRECQB7.T42lMiOeTbAoxodlDZg7shcSJFIAwge');
insert into "user" (id, name, username, roles, password) values (36, 'Robenia Tuberfield', 'Tuberfield', '["ROLE_USER"]', '$2y$13$nsftqHsws6WnMKLRECQB7.T42lMiOeTbAoxodlDZg7shcSJFIAwge');
insert into "user" (id, name, username, roles, password) values (37, 'Pascal Kubas', 'Kubas', '["ROLE_USER"]', '$2y$13$nsftqHsws6WnMKLRECQB7.T42lMiOeTbAoxodlDZg7shcSJFIAwge');
insert into "user" (id, name, username, roles, password) values (38, 'Reynard Truran', 'Truran', '["ROLE_USER"]', '$2y$13$nsftqHsws6WnMKLRECQB7.T42lMiOeTbAoxodlDZg7shcSJFIAwge');
insert into "user" (id, name, username, roles, password) values (39, 'Carissa Larvor', 'Larvor', '["ROLE_USER"]', '$2y$13$nsftqHsws6WnMKLRECQB7.T42lMiOeTbAoxodlDZg7shcSJFIAwge');
insert into "user" (id, name, username, roles, password) values (40, 'Ahmad Townshend', 'Townshend', '["ROLE_USER"]', '$2y$13$nsftqHsws6WnMKLRECQB7.T42lMiOeTbAoxodlDZg7shcSJFIAwge');
insert into "user" (id, name, username, roles, password) values (41, 'Ramsey Fletcher', 'Fletcher', '["ROLE_USER"]', '$2y$13$nsftqHsws6WnMKLRECQB7.T42lMiOeTbAoxodlDZg7shcSJFIAwge');
insert into "user" (id, name, username, roles, password) values (42, 'Moreen Reinbach', 'Reinbach', '["ROLE_USER"]', '$2y$13$nsftqHsws6WnMKLRECQB7.T42lMiOeTbAoxodlDZg7shcSJFIAwge');
insert into "user" (id, name, username, roles, password) values (43, 'Sherri Leavy', 'Leavy', '["ROLE_USER"]', '$2y$13$nsftqHsws6WnMKLRECQB7.T42lMiOeTbAoxodlDZg7shcSJFIAwge');
insert into "user" (id, name, username, roles, password) values (44, 'Vally Tice', 'Tice', '["ROLE_USER"]', '$2y$13$nsftqHsws6WnMKLRECQB7.T42lMiOeTbAoxodlDZg7shcSJFIAwge');
insert into "user" (id, name, username, roles, password) values (45, 'Callida Kayne', 'Kayne', '["ROLE_USER"]', '$2y$13$nsftqHsws6WnMKLRECQB7.T42lMiOeTbAoxodlDZg7shcSJFIAwge');
insert into "user" (id, name, username, roles, password) values (46, 'Aurea Balloch', 'Balloch', '["ROLE_USER"]', '$2y$13$nsftqHsws6WnMKLRECQB7.T42lMiOeTbAoxodlDZg7shcSJFIAwge');
insert into "user" (id, name, username, roles, password) values (47, 'Lois Wreford', 'Wreford', '["ROLE_USER"]', '$2y$13$nsftqHsws6WnMKLRECQB7.T42lMiOeTbAoxodlDZg7shcSJFIAwge');
insert into "user" (id, name, username, roles, password) values (48, 'Mahmud Chiswell', 'Chiswell', '["ROLE_USER"]', '$2y$13$nsftqHsws6WnMKLRECQB7.T42lMiOeTbAoxodlDZg7shcSJFIAwge');
insert into "user" (id, name, username, roles, password) values (49, 'Forster Childe', 'Childe', '["ROLE_USER"]', '$2y$13$nsftqHsws6WnMKLRECQB7.T42lMiOeTbAoxodlDZg7shcSJFIAwge');
insert into "user" (id, name, username, roles, password) values (50, 'Robinetta Ennew', 'Ennew', '["ROLE_USER"]', '$2y$13$nsftqHsws6WnMKLRECQB7.T42lMiOeTbAoxodlDZg7shcSJFIAwge');
insert into "user" (id, name, username, roles, password) values (51, 'Maggi Plunket', 'Plunket', '["ROLE_USER"]', '$2y$13$nsftqHsws6WnMKLRECQB7.T42lMiOeTbAoxodlDZg7shcSJFIAwge');
insert into "user" (id, name, username, roles, password) values (52, 'Conny Piell', 'Piell', '["ROLE_USER"]', '$2y$13$nsftqHsws6WnMKLRECQB7.T42lMiOeTbAoxodlDZg7shcSJFIAwge');





insert into building (id, name) values (2, 'Cyrtandra');
insert into building (id, name) values (3, 'Yellowseed False Pimpernel');





insert into "group" (id, name, parent_id, group_manager_id) values (1, 'Dickinson, Haley and Simonis', 1, 7);
insert into "group" (id, name, parent_id, group_manager_id) values (2, 'Wunsch Inc', 1, 11);
insert into "group" (id, name, parent_id, group_manager_id) values (3, 'Zboncak and Sons', 1, 48);
insert into "group" (id, name, parent_id, group_manager_id) values (4, 'Heaney, Witting and Pacocha', 3, 22);
insert into "group" (id, name, parent_id, group_manager_id) values (5, 'Funk-Carter', 2, 14);
insert into "group" (id, name, parent_id, group_manager_id) values (6, 'Bahringer-Lubowitz', 4, 43);
insert into "group" (id, name, parent_id, group_manager_id) values (7, 'Veum-Schneider', 5, 26);
insert into "group" (id, name, parent_id, group_manager_id) values (8, 'Turner-Runolfsdottir', 2, 1);
insert into "group" (id, name, parent_id, group_manager_id) values (9, 'Erdman-Franecki', 7, 38);
insert into "group" (id, name, parent_id, group_manager_id) values (10, 'Bosco, Becker and Haag', 9, 47);




insert into user_group (user_id, group_id) values (43, 7);
insert into user_group (user_id, group_id) values (30, 7);
insert into user_group (user_id, group_id) values (14, 3);
insert into user_group (user_id, group_id) values (40, 4);
insert into user_group (user_id, group_id) values (22, 3);
insert into user_group (user_id, group_id) values (40, 6);
insert into user_group (user_id, group_id) values (35, 3);
insert into user_group (user_id, group_id) values (36, 1);
insert into user_group (user_id, group_id) values (14, 10);
insert into user_group (user_id, group_id) values (27, 2);
insert into user_group (user_id, group_id) values (21, 10);
insert into user_group (user_id, group_id) values (6, 2);
insert into user_group (user_id, group_id) values (34, 1);
insert into user_group (user_id, group_id) values (18, 10);
insert into user_group (user_id, group_id) values (10, 9);
insert into user_group (user_id, group_id) values (6, 1);
insert into user_group (user_id, group_id) values (40, 2);
insert into user_group (user_id, group_id) values (50, 3);
insert into user_group (user_id, group_id) values (16, 6);
insert into user_group (user_id, group_id) values (3, 3);
insert into user_group (user_id, group_id) values (17, 5);
insert into user_group (user_id, group_id) values (37, 5);
insert into user_group (user_id, group_id) values (33, 5);
insert into user_group (user_id, group_id) values (26, 1);
insert into user_group (user_id, group_id) values (33, 3);
insert into user_group (user_id, group_id) values (21, 5);
insert into user_group (user_id, group_id) values (1, 10);
insert into user_group (user_id, group_id) values (11, 2);
insert into user_group (user_id, group_id) values (22, 4);
insert into user_group (user_id, group_id) values (45, 8);
insert into user_group (user_id, group_id) values (27, 3);
insert into user_group (user_id, group_id) values (35, 6);
insert into user_group (user_id, group_id) values (36, 5);
insert into user_group (user_id, group_id) values (41, 2);
insert into user_group (user_id, group_id) values (28, 10);
insert into user_group (user_id, group_id) values (10, 2);
insert into user_group (user_id, group_id) values (34, 3);
insert into user_group (user_id, group_id) values (13, 6);
insert into user_group (user_id, group_id) values (25, 1);
insert into user_group (user_id, group_id) values (1, 8);
insert into user_group (user_id, group_id) values (8, 3);
insert into user_group (user_id, group_id) values (48, 3);
insert into user_group (user_id, group_id) values (6, 4);
insert into user_group (user_id, group_id) values (35, 5);
insert into user_group (user_id, group_id) values (43, 5);
insert into user_group (user_id, group_id) values (15, 1);
insert into user_group (user_id, group_id) values (44, 1);
insert into user_group (user_id, group_id) values (51, 2);
insert into user_group (user_id, group_id) values (19, 9);
insert into user_group (user_id, group_id) values (38, 9);
insert into user_group (user_id, group_id) values (3, 5);
insert into user_group (user_id, group_id) values (48, 8);
insert into user_group (user_id, group_id) values (1, 9);
insert into user_group (user_id, group_id) values (10, 6);
insert into user_group (user_id, group_id) values (25, 3);
insert into user_group (user_id, group_id) values (48, 7);
insert into user_group (user_id, group_id) values (46, 1);
insert into user_group (user_id, group_id) values (32, 10);
insert into user_group (user_id, group_id) values (28, 3);
insert into user_group (user_id, group_id) values (5, 2);
insert into user_group (user_id, group_id) values (13, 7);
insert into user_group (user_id, group_id) values (42, 9);
insert into user_group (user_id, group_id) values (6, 5);
insert into user_group (user_id, group_id) values (20, 5);
insert into user_group (user_id, group_id) values (31, 10);
insert into user_group (user_id, group_id) values (36, 7);
insert into user_group (user_id, group_id) values (36, 6);
insert into user_group (user_id, group_id) values (48, 10);
insert into user_group (user_id, group_id) values (13, 2);
insert into user_group (user_id, group_id) values (26, 10);
insert into user_group (user_id, group_id) values (16, 5);
insert into user_group (user_id, group_id) values (25, 10);
insert into user_group (user_id, group_id) values (3, 7);
insert into user_group (user_id, group_id) values (47, 10);
insert into user_group (user_id, group_id) values (3, 10);
insert into user_group (user_id, group_id) values (6, 8);
insert into user_group (user_id, group_id) values (18, 4);
insert into user_group (user_id, group_id) values (29, 8);
insert into user_group (user_id, group_id) values (41, 5);
insert into user_group (user_id, group_id) values (30, 6);
insert into user_group (user_id, group_id) values (39, 5);
insert into user_group (user_id, group_id) values (27, 7);
insert into user_group (user_id, group_id) values (40, 5);
insert into user_group (user_id, group_id) values (29, 5);
insert into user_group (user_id, group_id) values (26, 8);
insert into user_group (user_id, group_id) values (30, 8);
insert into user_group (user_id, group_id) values (23, 5);
insert into user_group (user_id, group_id) values (46, 2);
insert into user_group (user_id, group_id) values (21, 3);
insert into user_group (user_id, group_id) values (31, 3);
insert into user_group (user_id, group_id) values (25, 8);
insert into user_group (user_id, group_id) values (47, 7);
insert into user_group (user_id, group_id) values (38, 4);






insert into room (id, room_manager_id, building_id, belongs_to_id, name, is_private) values (1, 7, 3, 9, 'habitasse platea', true);
insert into room (id, room_manager_id, building_id, belongs_to_id, name, is_private) values (2, 3, 3, 6, 'scelerisque mauris', true);
insert into room (id, room_manager_id, building_id, belongs_to_id, name, is_private) values (3, 6, 2, 10, 'metus sapien', false);
insert into room (id, room_manager_id, building_id, belongs_to_id, name, is_private) values (4, 47, 2, 6, 'turpis', true);
insert into room (id, room_manager_id, building_id, belongs_to_id, name, is_private) values (5, 32, 3, 10, 'praesent', true);
insert into room (id, room_manager_id, building_id, belongs_to_id, name, is_private) values (6, 30, 2, 10, 'integer', false);
insert into room (id, room_manager_id, building_id, belongs_to_id, name, is_private) values (7, 12, 2, 3, 'vestibulum ante', true);
insert into room (id, room_manager_id, building_id, belongs_to_id, name, is_private) values (8, 18, 3, 5, 'dis parturient', true);
insert into room (id, room_manager_id, building_id, belongs_to_id, name, is_private) values (9, 40, 3, 9, 'ipsum', false);
insert into room (id, room_manager_id, building_id, belongs_to_id, name, is_private) values (10, 46, 3, 6, 'dis', false);
insert into room (id, room_manager_id, building_id, belongs_to_id, name, is_private) values (11, 33, 2, 2, 'lacinia', true);
insert into room (id, room_manager_id, building_id, belongs_to_id, name, is_private) values (12, 37, 3, 5, 'orci luctus', true);
insert into room (id, room_manager_id, building_id, belongs_to_id, name, is_private) values (13, 17, 3, 3, 'felis sed', false);
insert into room (id, room_manager_id, building_id, belongs_to_id, name, is_private) values (14, 11, 2, 7, 'tortor quis', true);
insert into room (id, room_manager_id, building_id, belongs_to_id, name, is_private) values (15, 33, 3, 8, 'primis', true);
insert into room (id, room_manager_id, building_id, belongs_to_id, name, is_private) values (16, 45, 3, 6, 'diam', true);
insert into room (id, room_manager_id, building_id, belongs_to_id, name, is_private) values (17, 7, 3, 5, 'lobortis', false);
insert into room (id, room_manager_id, building_id, belongs_to_id, name, is_private) values (18, 48, 2, 10, 'magnis dis', true);
insert into room (id, room_manager_id, building_id, belongs_to_id, name, is_private) values (19, 22, 3, 2, 'mauris', false);






insert into user_room (user_id, room_id) values (42, 1);
insert into user_room (user_id, room_id) values (21, 1);
insert into user_room (user_id, room_id) values (29, 1);
insert into user_room (user_id, room_id) values (30, 1);
insert into user_room (user_id, room_id) values (38, 11);
insert into user_room (user_id, room_id) values (18, 13);
insert into user_room (user_id, room_id) values (47, 13);
insert into user_room (user_id, room_id) values (39, 1);
insert into user_room (user_id, room_id) values (21, 4);
insert into user_room (user_id, room_id) values (20, 5);
insert into user_room (user_id, room_id) values (4, 4);
insert into user_room (user_id, room_id) values (26, 19);
insert into user_room (user_id, room_id) values (30, 2);
insert into user_room (user_id, room_id) values (14, 14);
insert into user_room (user_id, room_id) values (28, 15);
insert into user_room (user_id, room_id) values (37, 12);
insert into user_room (user_id, room_id) values (9, 8);
insert into user_room (user_id, room_id) values (26, 4);
insert into user_room (user_id, room_id) values (42, 15);
insert into user_room (user_id, room_id) values (35, 14);
insert into user_room (user_id, room_id) values (23, 10);
insert into user_room (user_id, room_id) values (13, 3);
insert into user_room (user_id, room_id) values (42, 8);
insert into user_room (user_id, room_id) values (15, 4);
insert into user_room (user_id, room_id) values (23, 7);
insert into user_room (user_id, room_id) values (14, 11);
insert into user_room (user_id, room_id) values (13, 15);
insert into user_room (user_id, room_id) values (15, 2);
insert into user_room (user_id, room_id) values (22, 4);
insert into user_room (user_id, room_id) values (51, 14);
insert into user_room (user_id, room_id) values (16, 3);
insert into user_room (user_id, room_id) values (48, 17);
insert into user_room (user_id, room_id) values (22, 5);
insert into user_room (user_id, room_id) values (10, 5);
insert into user_room (user_id, room_id) values (49, 3);
insert into user_room (user_id, room_id) values (45, 14);
insert into user_room (user_id, room_id) values (16, 9);
insert into user_room (user_id, room_id) values (46, 10);
insert into user_room (user_id, room_id) values (31, 13);
insert into user_room (user_id, room_id) values (21, 7);
insert into user_room (user_id, room_id) values (24, 19);
insert into user_room (user_id, room_id) values (33, 9);
insert into user_room (user_id, room_id) values (30, 15);
insert into user_room (user_id, room_id) values (36, 8);
insert into user_room (user_id, room_id) values (23, 12);
insert into user_room (user_id, room_id) values (38, 14);
insert into user_room (user_id, room_id) values (4, 1);
insert into user_room (user_id, room_id) values (26, 5);
insert into user_room (user_id, room_id) values (46, 2);
insert into user_room (user_id, room_id) values (25, 16);
insert into user_room (user_id, room_id) values (20, 4);
insert into user_room (user_id, room_id) values (51, 19);
insert into user_room (user_id, room_id) values (20, 16);
insert into user_room (user_id, room_id) values (36, 13);
insert into user_room (user_id, room_id) values (6, 6);
insert into user_room (user_id, room_id) values (8, 11);
insert into user_room (user_id, room_id) values (29, 4);
insert into user_room (user_id, room_id) values (11, 8);
insert into user_room (user_id, room_id) values (33, 1);
insert into user_room (user_id, room_id) values (24, 7);
insert into user_room (user_id, room_id) values (41, 12);
insert into user_room (user_id, room_id) values (7, 8);
insert into user_room (user_id, room_id) values (3, 12);
insert into user_room (user_id, room_id) values (6, 3);
insert into user_room (user_id, room_id) values (6, 13);
insert into user_room (user_id, room_id) values (4, 19);
insert into user_room (user_id, room_id) values (16, 10);
insert into user_room (user_id, room_id) values (25, 9);
insert into user_room (user_id, room_id) values (33, 13);
insert into user_room (user_id, room_id) values (46, 12);
insert into user_room (user_id, room_id) values (19, 14);
insert into user_room (user_id, room_id) values (27, 8);
insert into user_room (user_id, room_id) values (44, 19);
insert into user_room (user_id, room_id) values (39, 11);
insert into user_room (user_id, room_id) values (23, 1);
insert into user_room (user_id, room_id) values (37, 11);
insert into user_room (user_id, room_id) values (33, 6);
insert into user_room (user_id, room_id) values (23, 8);
insert into user_room (user_id, room_id) values (29, 6);
insert into user_room (user_id, room_id) values (20, 2);
insert into user_room (user_id, room_id) values (46, 5);
insert into user_room (user_id, room_id) values (44, 10);
insert into user_room (user_id, room_id) values (27, 18);
insert into user_room (user_id, room_id) values (3, 7);
insert into user_room (user_id, room_id) values (11, 17);
insert into user_room (user_id, room_id) values (16, 4);
insert into user_room (user_id, room_id) values (13, 6);
insert into user_room (user_id, room_id) values (33, 16);
insert into user_room (user_id, room_id) values (17, 12);
insert into user_room (user_id, room_id) values (48, 18);
insert into user_room (user_id, room_id) values (27, 11);
insert into user_room (user_id, room_id) values (37, 14);
insert into user_room (user_id, room_id) values (5, 5);
insert into user_room (user_id, room_id) values (7, 2);
insert into user_room (user_id, room_id) values (20, 17);
insert into user_room (user_id, room_id) values (31, 14);






insert into request (id, author_id, requested_room_id, date, approved) values (1, 34, 10, '2023-02-11 21:45:08', false);
insert into request (id, author_id, requested_room_id, date, approved) values (2, 28, 15, '2023-09-10 19:57:42', true);
insert into request (id, author_id, requested_room_id, date, approved) values (3, 36, 1, '2023-07-11 05:16:34', false);
insert into request (id, author_id, requested_room_id, date, approved) values (4, 34, 12, '2023-05-06 04:15:22', true);
insert into request (id, author_id, requested_room_id, date, approved) values (5, 35, 17, '2023-10-11 14:32:31', true);
insert into request (id, author_id, requested_room_id, date, approved) values (6, 21, 12, '2023-05-20 14:51:11', false);
insert into request (id, author_id, requested_room_id, date, approved) values (7, 50, 2, '2023-10-08 16:47:21', false);
insert into request (id, author_id, requested_room_id, date, approved) values (8, 51, 13, '2023-03-02 21:20:29', false);
insert into request (id, author_id, requested_room_id, date, approved) values (9, 38, 12, '2023-09-22 14:02:01', false);
insert into request (id, author_id, requested_room_id, date, approved) values (10, 52, 6, '2023-05-25 02:25:41', true);
insert into request (id, author_id, requested_room_id, date, approved) values (11, 12, 17, '2023-05-17 14:58:25', false);
insert into request (id, author_id, requested_room_id, date, approved) values (12, 8, 3, '2023-01-24 04:18:26', false);
insert into request (id, author_id, requested_room_id, date, approved) values (13, 36, 18, '2023-06-07 19:26:42', true);
insert into request (id, author_id, requested_room_id, date, approved) values (14, 25, 18, '2023-06-15 01:40:12', true);
insert into request (id, author_id, requested_room_id, date, approved) values (15, 43, 18, '2023-02-06 06:33:59', true);
insert into request (id, author_id, requested_room_id, date, approved) values (16, 30, 19, '2023-05-29 14:28:00', true);
insert into request (id, author_id, requested_room_id, date, approved) values (17, 15, 6, '2023-12-18 07:48:06', false);
insert into request (id, author_id, requested_room_id, date, approved) values (18, 4, 2, '2023-09-11 05:07:36', false);
insert into request (id, author_id, requested_room_id, date, approved) values (19, 49, 19, '2023-08-05 22:18:37', true);
insert into request (id, author_id, requested_room_id, date, approved) values (20, 46, 13, '2023-07-30 21:39:44', false);
insert into request (id, author_id, requested_room_id, date, approved) values (21, 30, 9, '2023-07-09 05:31:01', true);
insert into request (id, author_id, requested_room_id, date, approved) values (22, 13, 11, '2023-01-18 08:49:50', false);
insert into request (id, author_id, requested_room_id, date, approved) values (23, 4, 16, '2023-09-30 13:51:07', true);
insert into request (id, author_id, requested_room_id, date, approved) values (24, 31, 9, '2023-03-31 12:03:48', false);
insert into request (id, author_id, requested_room_id, date, approved) values (25, 43, 11, '2023-06-27 13:36:34', false);
insert into request (id, author_id, requested_room_id, date, approved) values (26, 34, 9, '2023-03-10 23:01:07', true);
insert into request (id, author_id, requested_room_id, date, approved) values (27, 5, 2, '2023-12-05 03:47:02', false);
insert into request (id, author_id, requested_room_id, date, approved) values (28, 49, 1, '2023-11-29 22:29:54', true);
insert into request (id, author_id, requested_room_id, date, approved) values (29, 51, 12, '2023-08-30 22:41:49', false);
insert into request (id, author_id, requested_room_id, date, approved) values (30, 46, 15, '2023-06-06 23:15:22', false);
insert into request (id, author_id, requested_room_id, date, approved) values (31, 27, 7, '2023-09-06 00:57:47', true);
insert into request (id, author_id, requested_room_id, date, approved) values (32, 11, 19, '2023-11-02 08:53:03', true);
insert into request (id, author_id, requested_room_id, date, approved) values (33, 13, 12, '2023-04-23 08:01:24', true);
insert into request (id, author_id, requested_room_id, date, approved) values (34, 46, 18, '2023-06-06 04:34:54', true);
insert into request (id, author_id, requested_room_id, date, approved) values (35, 16, 8, '2023-12-28 05:53:19', false);
insert into request (id, author_id, requested_room_id, date, approved) values (36, 8, 17, '2023-04-03 16:11:15', true);
insert into request (id, author_id, requested_room_id, date, approved) values (37, 12, 12, '2023-02-17 16:35:54', false);
insert into request (id, author_id, requested_room_id, date, approved) values (38, 50, 17, '2023-11-01 22:51:43', false);
insert into request (id, author_id, requested_room_id, date, approved) values (39, 5, 10, '2023-04-07 11:51:40', false);
insert into request (id, author_id, requested_room_id, date, approved) values (40, 36, 18, '2023-06-12 23:02:55', false);
insert into request (id, author_id, requested_room_id, date, approved) values (41, 50, 3, '2023-11-02 11:32:07', false);
insert into request (id, author_id, requested_room_id, date, approved) values (42, 24, 3, '2023-01-07 19:21:07', true);
insert into request (id, author_id, requested_room_id, date, approved) values (43, 29, 18, '2023-03-06 17:28:29', false);
insert into request (id, author_id, requested_room_id, date, approved) values (44, 50, 11, '2023-11-17 09:08:59', true);
insert into request (id, author_id, requested_room_id, date, approved) values (45, 30, 19, '2023-02-24 10:17:47', true);
insert into request (id, author_id, requested_room_id, date, approved) values (46, 18, 1, '2023-02-26 20:29:26', true);
insert into request (id, author_id, requested_room_id, date, approved) values (47, 16, 4, '2023-02-20 08:07:07', false);
insert into request (id, author_id, requested_room_id, date, approved) values (48, 34, 5, '2023-01-05 14:14:14', false);
insert into request (id, author_id, requested_room_id, date, approved) values (49, 17, 4, '2023-01-08 08:52:00', true);
insert into request (id, author_id, requested_room_id, date, approved) values (50, 21, 9, '2023-12-12 21:12:07', true);
insert into request (id, author_id, requested_room_id, date, approved) values (51, 25, 15, '2023-11-03 05:19:06', true);
insert into request (id, author_id, requested_room_id, date, approved) values (52, 43, 13, '2023-03-22 11:39:04', false);
insert into request (id, author_id, requested_room_id, date, approved) values (53, 27, 6, '2023-04-03 02:27:33', true);
insert into request (id, author_id, requested_room_id, date, approved) values (54, 41, 2, '2023-11-16 04:26:21', true);
insert into request (id, author_id, requested_room_id, date, approved) values (55, 44, 13, '2023-12-23 14:16:09', true);
insert into request (id, author_id, requested_room_id, date, approved) values (56, 21, 7, '2023-03-27 20:08:33', true);
insert into request (id, author_id, requested_room_id, date, approved) values (57, 19, 15, '2023-05-16 22:58:27', false);
insert into request (id, author_id, requested_room_id, date, approved) values (58, 40, 12, '2023-07-14 08:39:54', true);
insert into request (id, author_id, requested_room_id, date, approved) values (59, 44, 18, '2023-03-03 12:58:42', true);
insert into request (id, author_id, requested_room_id, date, approved) values (60, 47, 3, '2023-11-17 01:55:00', true);
insert into request (id, author_id, requested_room_id, date, approved) values (61, 38, 19, '2023-11-24 16:55:08', false);
insert into request (id, author_id, requested_room_id, date, approved) values (62, 5, 4, '2023-03-08 22:57:57', true);







insert into request_user (request_id, user_id) values (57, 36);
insert into request_user (request_id, user_id) values (4, 45);
insert into request_user (request_id, user_id) values (57, 10);
insert into request_user (request_id, user_id) values (15, 38);
insert into request_user (request_id, user_id) values (28, 11);
insert into request_user (request_id, user_id) values (46, 13);
insert into request_user (request_id, user_id) values (61, 40);
insert into request_user (request_id, user_id) values (49, 10);
insert into request_user (request_id, user_id) values (35, 21);
insert into request_user (request_id, user_id) values (57, 26);
insert into request_user (request_id, user_id) values (16, 42);
insert into request_user (request_id, user_id) values (43, 39);
insert into request_user (request_id, user_id) values (14, 14);
insert into request_user (request_id, user_id) values (31, 43);
insert into request_user (request_id, user_id) values (48, 11);
insert into request_user (request_id, user_id) values (59, 45);
insert into request_user (request_id, user_id) values (22, 37);
insert into request_user (request_id, user_id) values (25, 17);
insert into request_user (request_id, user_id) values (62, 13);
insert into request_user (request_id, user_id) values (6, 50);
insert into request_user (request_id, user_id) values (21, 26);
insert into request_user (request_id, user_id) values (38, 52);
insert into request_user (request_id, user_id) values (29, 45);
insert into request_user (request_id, user_id) values (47, 40);
insert into request_user (request_id, user_id) values (17, 52);
insert into request_user (request_id, user_id) values (3, 31);
insert into request_user (request_id, user_id) values (34, 46);
insert into request_user (request_id, user_id) values (23, 51);
insert into request_user (request_id, user_id) values (3, 41);
insert into request_user (request_id, user_id) values (25, 38);
insert into request_user (request_id, user_id) values (53, 30);
insert into request_user (request_id, user_id) values (45, 12);
insert into request_user (request_id, user_id) values (59, 13);
insert into request_user (request_id, user_id) values (18, 14);
insert into request_user (request_id, user_id) values (40, 7);
insert into request_user (request_id, user_id) values (19, 40);
insert into request_user (request_id, user_id) values (58, 22);
insert into request_user (request_id, user_id) values (27, 14);
insert into request_user (request_id, user_id) values (26, 44);
insert into request_user (request_id, user_id) values (5, 26);
insert into request_user (request_id, user_id) values (1, 23);
insert into request_user (request_id, user_id) values (4, 32);
insert into request_user (request_id, user_id) values (61, 28);
insert into request_user (request_id, user_id) values (34, 41);
insert into request_user (request_id, user_id) values (56, 41);
insert into request_user (request_id, user_id) values (42, 4);
insert into request_user (request_id, user_id) values (52, 11);
insert into request_user (request_id, user_id) values (62, 7);
insert into request_user (request_id, user_id) values (36, 4);
insert into request_user (request_id, user_id) values (57, 18);
insert into request_user (request_id, user_id) values (44, 41);
insert into request_user (request_id, user_id) values (41, 38);
insert into request_user (request_id, user_id) values (43, 40);
insert into request_user (request_id, user_id) values (12, 9);
insert into request_user (request_id, user_id) values (17, 38);
insert into request_user (request_id, user_id) values (41, 20);
insert into request_user (request_id, user_id) values (29, 24);
insert into request_user (request_id, user_id) values (23, 30);
insert into request_user (request_id, user_id) values (60, 17);
insert into request_user (request_id, user_id) values (44, 39);
insert into request_user (request_id, user_id) values (40, 21);
insert into request_user (request_id, user_id) values (34, 3);
insert into request_user (request_id, user_id) values (37, 16);
insert into request_user (request_id, user_id) values (52, 33);
insert into request_user (request_id, user_id) values (12, 31);
insert into request_user (request_id, user_id) values (54, 47);
insert into request_user (request_id, user_id) values (37, 43);
insert into request_user (request_id, user_id) values (3, 24);
insert into request_user (request_id, user_id) values (30, 31);
insert into request_user (request_id, user_id) values (38, 15);
insert into request_user (request_id, user_id) values (12, 27);
insert into request_user (request_id, user_id) values (34, 38);
insert into request_user (request_id, user_id) values (30, 18);
insert into request_user (request_id, user_id) values (23, 8);
insert into request_user (request_id, user_id) values (10, 13);
insert into request_user (request_id, user_id) values (32, 17);
insert into request_user (request_id, user_id) values (57, 8);
insert into request_user (request_id, user_id) values (39, 50);
insert into request_user (request_id, user_id) values (52, 26);
insert into request_user (request_id, user_id) values (22, 24);
insert into request_user (request_id, user_id) values (9, 13);
insert into request_user (request_id, user_id) values (51, 8);
insert into request_user (request_id, user_id) values (24, 40);
insert into request_user (request_id, user_id) values (17, 29);
insert into request_user (request_id, user_id) values (52, 12);
insert into request_user (request_id, user_id) values (44, 21);
insert into request_user (request_id, user_id) values (51, 31);
insert into request_user (request_id, user_id) values (24, 22);
insert into request_user (request_id, user_id) values (39, 16);
insert into request_user (request_id, user_id) values (7, 4);
insert into request_user (request_id, user_id) values (46, 38);
insert into request_user (request_id, user_id) values (28, 18);
insert into request_user (request_id, user_id) values (12, 21);
insert into request_user (request_id, user_id) values (27, 31);
insert into request_user (request_id, user_id) values (27, 51);
insert into request_user (request_id, user_id) values (24, 35);
insert into request_user (request_id, user_id) values (57, 13);
insert into request_user (request_id, user_id) values (40, 22);
insert into request_user (request_id, user_id) values (45, 19);
insert into request_user (request_id, user_id) values (42, 33);
insert into request_user (request_id, user_id) values (26, 5);
insert into request_user (request_id, user_id) values (49, 5);
insert into request_user (request_id, user_id) values (52, 36);
insert into request_user (request_id, user_id) values (43, 42);
insert into request_user (request_id, user_id) values (43, 32);
insert into request_user (request_id, user_id) values (23, 24);
insert into request_user (request_id, user_id) values (39, 28);
insert into request_user (request_id, user_id) values (2, 14);
insert into request_user (request_id, user_id) values (57, 6);
insert into request_user (request_id, user_id) values (2, 31);
insert into request_user (request_id, user_id) values (26, 29);
insert into request_user (request_id, user_id) values (16, 43);
insert into request_user (request_id, user_id) values (52, 14);
insert into request_user (request_id, user_id) values (19, 49);
insert into request_user (request_id, user_id) values (40, 42);
insert into request_user (request_id, user_id) values (48, 26);
insert into request_user (request_id, user_id) values (26, 50);
insert into request_user (request_id, user_id) values (57, 15);
insert into request_user (request_id, user_id) values (32, 52);
insert into request_user (request_id, user_id) values (50, 37);
insert into request_user (request_id, user_id) values (1, 45);
insert into request_user (request_id, user_id) values (56, 3);
insert into request_user (request_id, user_id) values (7, 15);
insert into request_user (request_id, user_id) values (55, 23);
insert into request_user (request_id, user_id) values (4, 52);
insert into request_user (request_id, user_id) values (28, 47);
insert into request_user (request_id, user_id) values (5, 14);
insert into request_user (request_id, user_id) values (6, 46);
insert into request_user (request_id, user_id) values (52, 29);
insert into request_user (request_id, user_id) values (56, 42);
insert into request_user (request_id, user_id) values (25, 37);
insert into request_user (request_id, user_id) values (19, 23);
insert into request_user (request_id, user_id) values (41, 3);
insert into request_user (request_id, user_id) values (38, 11);
insert into request_user (request_id, user_id) values (24, 11);
insert into request_user (request_id, user_id) values (33, 35);
insert into request_user (request_id, user_id) values (45, 35);
insert into request_user (request_id, user_id) values (11, 52);
insert into request_user (request_id, user_id) values (12, 6);
insert into request_user (request_id, user_id) values (52, 40);
insert into request_user (request_id, user_id) values (26, 33);
insert into request_user (request_id, user_id) values (51, 32);
insert into request_user (request_id, user_id) values (50, 35);
insert into request_user (request_id, user_id) values (55, 32);
insert into request_user (request_id, user_id) values (43, 45);
insert into request_user (request_id, user_id) values (45, 25);
insert into request_user (request_id, user_id) values (32, 18);
insert into request_user (request_id, user_id) values (60, 30);
insert into request_user (request_id, user_id) values (36, 45);
insert into request_user (request_id, user_id) values (44, 43);
insert into request_user (request_id, user_id) values (22, 3);
insert into request_user (request_id, user_id) values (44, 5);
insert into request_user (request_id, user_id) values (17, 25);
insert into request_user (request_id, user_id) values (60, 32);
insert into request_user (request_id, user_id) values (36, 19);
insert into request_user (request_id, user_id) values (45, 52);
insert into request_user (request_id, user_id) values (36, 31);
insert into request_user (request_id, user_id) values (39, 12);
insert into request_user (request_id, user_id) values (37, 52);
insert into request_user (request_id, user_id) values (24, 45);
insert into request_user (request_id, user_id) values (3, 10);
insert into request_user (request_id, user_id) values (49, 52);
insert into request_user (request_id, user_id) values (12, 36);
insert into request_user (request_id, user_id) values (45, 28);
insert into request_user (request_id, user_id) values (42, 13);
insert into request_user (request_id, user_id) values (38, 51);
insert into request_user (request_id, user_id) values (43, 24);
insert into request_user (request_id, user_id) values (51, 42);
insert into request_user (request_id, user_id) values (19, 25);
insert into request_user (request_id, user_id) values (26, 11);
insert into request_user (request_id, user_id) values (49, 43);
insert into request_user (request_id, user_id) values (29, 5);
insert into request_user (request_id, user_id) values (58, 45);
insert into request_user (request_id, user_id) values (15, 9);
insert into request_user (request_id, user_id) values (51, 27);
insert into request_user (request_id, user_id) values (58, 46);
insert into request_user (request_id, user_id) values (7, 3);
insert into request_user (request_id, user_id) values (28, 14);
insert into request_user (request_id, user_id) values (53, 32);
insert into request_user (request_id, user_id) values (8, 17);
insert into request_user (request_id, user_id) values (38, 27);
insert into request_user (request_id, user_id) values (40, 46);
insert into request_user (request_id, user_id) values (52, 42);
insert into request_user (request_id, user_id) values (14, 12);
insert into request_user (request_id, user_id) values (7, 44);
insert into request_user (request_id, user_id) values (60, 47);
insert into request_user (request_id, user_id) values (51, 23);
insert into request_user (request_id, user_id) values (51, 26);
insert into request_user (request_id, user_id) values (38, 7);
insert into request_user (request_id, user_id) values (57, 19);
insert into request_user (request_id, user_id) values (60, 39);
insert into request_user (request_id, user_id) values (40, 8);
insert into request_user (request_id, user_id) values (32, 37);
insert into request_user (request_id, user_id) values (56, 47);
insert into request_user (request_id, user_id) values (42, 39);
insert into request_user (request_id, user_id) values (44, 27);
insert into request_user (request_id, user_id) values (45, 9);
insert into request_user (request_id, user_id) values (34, 21);
insert into request_user (request_id, user_id) values (51, 37);
insert into request_user (request_id, user_id) values (42, 47);
insert into request_user (request_id, user_id) values (46, 24);
insert into request_user (request_id, user_id) values (18, 9);
insert into request_user (request_id, user_id) values (53, 7);
insert into request_user (request_id, user_id) values (25, 3);
insert into request_user (request_id, user_id) values (1, 44);
insert into request_user (request_id, user_id) values (21, 41);
insert into request_user (request_id, user_id) values (11, 42);
insert into request_user (request_id, user_id) values (51, 11);
insert into request_user (request_id, user_id) values (52, 46);
insert into request_user (request_id, user_id) values (38, 10);
insert into request_user (request_id, user_id) values (61, 38);
insert into request_user (request_id, user_id) values (11, 43);
insert into request_user (request_id, user_id) values (27, 30);
insert into request_user (request_id, user_id) values (11, 22);
insert into request_user (request_id, user_id) values (28, 23);
insert into request_user (request_id, user_id) values (25, 23);
insert into request_user (request_id, user_id) values (57, 5);
insert into request_user (request_id, user_id) values (60, 34);
insert into request_user (request_id, user_id) values (46, 49);
insert into request_user (request_id, user_id) values (39, 52);
insert into request_user (request_id, user_id) values (17, 8);
insert into request_user (request_id, user_id) values (33, 7);
insert into request_user (request_id, user_id) values (46, 15);
insert into request_user (request_id, user_id) values (15, 39);
insert into request_user (request_id, user_id) values (48, 52);
insert into request_user (request_id, user_id) values (29, 51);
insert into request_user (request_id, user_id) values (45, 47);
insert into request_user (request_id, user_id) values (32, 49);
insert into request_user (request_id, user_id) values (21, 16);
insert into request_user (request_id, user_id) values (57, 37);
insert into request_user (request_id, user_id) values (11, 45);
insert into request_user (request_id, user_id) values (32, 34);
insert into request_user (request_id, user_id) values (5, 34);
insert into request_user (request_id, user_id) values (24, 8);
insert into request_user (request_id, user_id) values (38, 5);
insert into request_user (request_id, user_id) values (58, 21);
insert into request_user (request_id, user_id) values (44, 16);
insert into request_user (request_id, user_id) values (32, 51);
insert into request_user (request_id, user_id) values (60, 26);
insert into request_user (request_id, user_id) values (16, 37);
insert into request_user (request_id, user_id) values (48, 5);
insert into request_user (request_id, user_id) values (20, 3);
insert into request_user (request_id, user_id) values (9, 36);
insert into request_user (request_id, user_id) values (47, 15);
insert into request_user (request_id, user_id) values (7, 51);
insert into request_user (request_id, user_id) values (2, 3);
insert into request_user (request_id, user_id) values (46, 17);
insert into request_user (request_id, user_id) values (36, 41);
insert into request_user (request_id, user_id) values (32, 47);
insert into request_user (request_id, user_id) values (3, 8);
insert into request_user (request_id, user_id) values (59, 8);
insert into request_user (request_id, user_id) values (25, 49);
insert into request_user (request_id, user_id) values (7, 47);
insert into request_user (request_id, user_id) values (12, 47);
insert into request_user (request_id, user_id) values (8, 8);
insert into request_user (request_id, user_id) values (36, 39);
insert into request_user (request_id, user_id) values (61, 32);
insert into request_user (request_id, user_id) values (13, 7);
insert into request_user (request_id, user_id) values (11, 21);
insert into request_user (request_id, user_id) values (22, 36);
insert into request_user (request_id, user_id) values (28, 5);
insert into request_user (request_id, user_id) values (28, 8);
insert into request_user (request_id, user_id) values (11, 36);
insert into request_user (request_id, user_id) values (4, 21);
insert into request_user (request_id, user_id) values (40, 4);
insert into request_user (request_id, user_id) values (59, 20);
insert into request_user (request_id, user_id) values (11, 35);
insert into request_user (request_id, user_id) values (13, 44);
insert into request_user (request_id, user_id) values (35, 8);
insert into request_user (request_id, user_id) values (17, 35);
insert into request_user (request_id, user_id) values (61, 46);
insert into request_user (request_id, user_id) values (6, 43);
insert into request_user (request_id, user_id) values (15, 26);
insert into request_user (request_id, user_id) values (39, 24);
insert into request_user (request_id, user_id) values (52, 19);
insert into request_user (request_id, user_id) values (42, 7);
insert into request_user (request_id, user_id) values (23, 25);
insert into request_user (request_id, user_id) values (23, 41);
insert into request_user (request_id, user_id) values (56, 22);
insert into request_user (request_id, user_id) values (19, 24);
insert into request_user (request_id, user_id) values (44, 11);
insert into request_user (request_id, user_id) values (57, 50);
insert into request_user (request_id, user_id) values (31, 52);
insert into request_user (request_id, user_id) values (27, 17);
